{"name":"6b5e9bde-e05b-48cd-8ba8-8dd6d0c2a17a","id":"/providers/Microsoft.Flow/flows/6b5e9bde-e05b-48cd-8ba8-8dd6d0c2a17a","type":"Microsoft.Flow/flows","properties":{"apiId":"/providers/Microsoft.PowerApps/apis/shared_logicflows","displayName":"DateDiff V4","definition":{"metadata":{"workflowEntityId":null,"creator":{"id":"4d0d0466-622c-4db3-afff-df8b7f34cb72","type":"User","tenantId":"a2276d23-b281-4962-9c99-3c5c8d9895c5"},"provisioningMethod":"FromDefinition","failureAlertSubscription":true,"clientLastModifiedTime":"2019-12-11T17:03:02.7515261Z"},"$schema":"https://schema.management.azure.com/providers/Microsoft.Logic/schemas/2016-06-01/workflowdefinition.json#","contentVersion":"1.0.0.0","parameters":{"$authentication":{"defaultValue":{},"type":"SecureObject"}},"triggers":{"manual":{"type":"Request","kind":"Button","inputs":{"schema":{"type":"object","properties":{"date":{"title":"Start Date","type":"string","format":"date","x-ms-dynamically-added":true,"description":"Please enter or select a date (YYYY-MM-DD)","x-ms-content-hint":"DATE"},"date_1":{"title":"End Date","type":"string","format":"date","x-ms-dynamically-added":true,"description":"Please enter or select a date (YYYY-MM-DD)","x-ms-content-hint":"DATE"},"text":{"title":"Holidays [yyyy-MM-dd]","type":"string","x-ms-dynamically-added":true,"description":"Please enter your input","x-ms-content-hint":"TEXT"}},"required":["date","date_1","text"]}}}},"actions":{"StartDateTicks":{"runAfter":{"Initialize_HolidaysArray":["Succeeded"]},"type":"Compose","inputs":"@ticks(triggerBody()['date'])"},"EndDateTicks":{"runAfter":{"StartDateTicks":["Succeeded"]},"type":"Compose","inputs":"@ticks(triggerBody()['date_1'])"},"Initialize_FullDays":{"runAfter":{"EndDateTicks":["Succeeded"]},"type":"InitializeVariable","inputs":{"variables":[{"name":"FullDays","type":"Integer","value":"@add(div(sub(outputs('EndDateTicks'),outputs('StartDateTicks')),864000000000),1)"}]}},"Initialize_HolidaystoRemove":{"runAfter":{"Decrement_WorkDays_by_2_if_Start_Midweek_End_Sun":["Succeeded"]},"type":"InitializeVariable","inputs":{"variables":[{"name":"HolidaystoRemove","type":"Integer"}]}},"Check_if_the_Date_Range_contains_any_of_the_holidays":{"foreach":"@variables('HolidaysArray')","actions":{"Condition":{"actions":{"Increment_HolidaystoRemove_by_1":{"runAfter":{},"type":"IncrementVariable","inputs":{"name":"HolidaystoRemove","value":1}}},"runAfter":{},"expression":{"and":[{"greaterOrEquals":["@items('Check_if_the_Date_Range_contains_any_of_the_holidays')","@triggerBody()['date']"]},{"lessOrEquals":["@items('Check_if_the_Date_Range_contains_any_of_the_holidays')","@triggerBody()['date_1']"]}]},"type":"If"}},"runAfter":{"Initialize_HolidaystoRemove":["Succeeded"]},"type":"Foreach"},"Respond_to_a_PowerApp_or_flow":{"runAfter":{"Decrement_WorkDays_by_HolidaytoRemove":["Succeeded"]},"type":"Response","kind":"PowerApp","inputs":{"statusCode":200,"body":{"total_days":"@variables('FullDays')","working_days":"@variables('WorkDays')","holidays_removed":"@variables('HolidaystoRemove')"},"schema":{"type":"object","properties":{"total_days":{"title":"Total Days","x-ms-dynamically-added":true,"type":"number"},"working_days":{"title":"Working Days","x-ms-dynamically-added":true,"type":"number"},"holidays_removed":{"title":"Holidays Removed","x-ms-dynamically-added":true,"type":"number"}}}}},"Decrement_WorkDays_by_HolidaytoRemove":{"runAfter":{"Check_if_the_Date_Range_contains_any_of_the_holidays":["Succeeded"]},"type":"DecrementVariable","inputs":{"name":"WorkDays","value":"@variables('HolidaystoRemove')"}},"Initialize_HolidaysArray":{"runAfter":{},"type":"InitializeVariable","inputs":{"variables":[{"name":"HolidaysArray","type":"Array","value":"@split(triggerBody()['text'],',')"}]}},"Initialize_WorkDays":{"runAfter":{"Initialize_FullDays":["Succeeded"]},"type":"InitializeVariable","inputs":{"variables":[{"name":"WorkDays","type":"Integer","value":"@variables('FullDays')"}]}},"Decrement_WorkDays_by_2_for_each_Full_Week":{"runAfter":{"Initialize_WorkDays":["Succeeded"]},"type":"DecrementVariable","inputs":{"name":"WorkDays","value":"@mul(div(variables('FullDays'),7),2)"}},"Decrement_WorkDays_by_1_if_Start_and_End_are_the_same_day_on_a_weekend":{"runAfter":{"Decrement_WorkDays_by_2_for_each_Full_Week":["Succeeded"]},"type":"DecrementVariable","inputs":{"name":"WorkDays","value":"@if(equals(dayofweek(triggerBody()['date']),dayofweek(triggerBody()['date_1'])),if(or(equals(dayofweek(triggerBody()['date']),0),equals(dayofweek(triggerBody()['date']),6)),1,0),0)"}},"Decrement_WorkDays_by_2_if_Start_Sat_End_Midweek":{"runAfter":{"Decrement_WorkDays_by_1_if_Start_and_End_are_the_same_day_on_a_weekend":["Succeeded"]},"type":"DecrementVariable","inputs":{"name":"WorkDays","value":"@if(and(equals(dayofweek(triggerBody()['date']),6),not(or(equals(dayofweek(triggerBody()['date_1']),0),equals(dayofweek(triggerBody()['date_1']),6)))),2,0)"}},"Decrement_WorkDays_by_1_if_Start_Sun_End_Midweek":{"runAfter":{"Decrement_WorkDays_by_2_if_Start_Sat_End_Midweek":["Succeeded"]},"type":"DecrementVariable","inputs":{"name":"WorkDays","value":"@if(and(equals(dayofweek(triggerBody()['date']),0),not(or(equals(dayofweek(triggerBody()['date_1']),0),equals(dayofweek(triggerBody()['date_1']),6)))),1,0)"}},"Decrement_WorkDays_by_1_if_Start_Midweek_End_Sat":{"runAfter":{"Decrement_WorkDays_by_1_if_Start_Sun_End_Midweek":["Succeeded"]},"type":"DecrementVariable","inputs":{"name":"WorkDays","value":"@if(and(not(or(equals(dayofweek(triggerBody()['date']),0),equals(dayofweek(triggerBody()['date']),6))),equals(dayofweek(triggerBody()['date_1']),6)),1,0)"}},"Decrement_WorkDays_by_2_if_Start_Midweek_End_Sun":{"runAfter":{"Decrement_WorkDays_by_1_if_Start_Midweek_End_Sat":["Succeeded"]},"type":"DecrementVariable","inputs":{"name":"WorkDays","value":"@if(and(not(or(equals(dayofweek(triggerBody()['date']),0),equals(dayofweek(triggerBody()['date']),6))),equals(dayofweek(triggerBody()['date_1']),0)),2,0)"}}}},"connectionReferences":{},"flowFailureAlertSubscribed":false}}